{
  "hash": "5f2d017f",
  "configHash": "b46b51b0",
  "lockfileHash": "c5684e70",
  "browserHash": "a9057b70",
  "optimized": {
    "@angular/common": {
      "src": "../../../../../../node_modules/@angular/common/fesm2022/common.mjs",
      "file": "@angular_common.js",
      "fileHash": "3456060f",
      "needsInterop": false
    },
    "@angular/common/http": {
      "src": "../../../../../../node_modules/@angular/common/fesm2022/http.mjs",
      "file": "@angular_common_http.js",
      "fileHash": "cadce3f6",
      "needsInterop": false
    },
    "@angular/core": {
      "src": "../../../../../../node_modules/@angular/core/fesm2022/core.mjs",
      "file": "@angular_core.js",
      "fileHash": "f3f98b7d",
      "needsInterop": false
    },
    "@angular/forms": {
      "src": "../../../../../../node_modules/@angular/forms/fesm2022/forms.mjs",
      "file": "@angular_forms.js",
      "fileHash": "7f0def47",
      "needsInterop": false
    },
    "@angular/platform-browser": {
      "src": "../../../../../../node_modules/@angular/platform-browser/fesm2022/platform-browser.mjs",
      "file": "@angular_platform-browser.js",
      "fileHash": "f11bb716",
      "needsInterop": false
    },
    "@angular/router": {
      "src": "../../../../../../node_modules/@angular/router/fesm2022/router.mjs",
      "file": "@angular_router.js",
      "fileHash": "462da7ed",
      "needsInterop": false
    }
  },
  "chunks": {
    "chunk-PLHUT5KE": {
      "file": "chunk-PLHUT5KE.js"
    },
    "chunk-WZYZKZBD": {
      "file": "chunk-WZYZKZBD.js"
    },
    "chunk-AHAARRDJ": {
      "file": "chunk-AHAARRDJ.js"
    },
    "chunk-Z3E5OR53": {
      "file": "chunk-Z3E5OR53.js"
    },
    "chunk-MHQIP2VU": {
      "file": "chunk-MHQIP2VU.js"
    }
  }
}