{
  "hash": "b2c329ec",
  "configHash": "6633e459",
  "lockfileHash": "71855eca",
  "browserHash": "62d8e7c4",
  "optimized": {
    "@angular/core": {
      "src": "../../../../../../node_modules/@angular/core/fesm2022/core.mjs",
      "file": "@angular_core.js",
      "fileHash": "e359640d",
      "needsInterop": false
    },
    "@angular/forms": {
      "src": "../../../../../../node_modules/@angular/forms/fesm2022/forms.mjs",
      "file": "@angular_forms.js",
      "fileHash": "3f2a23b7",
      "needsInterop": false
    },
    "@angular/platform-browser": {
      "src": "../../../../../../node_modules/@angular/platform-browser/fesm2022/platform-browser.mjs",
      "file": "@angular_platform-browser.js",
      "fileHash": "f094d9e6",
      "needsInterop": false
    },
    "@angular/router": {
      "src": "../../../../../../node_modules/@angular/router/fesm2022/router.mjs",
      "file": "@angular_router.js",
      "fileHash": "084de5a2",
      "needsInterop": false
    }
  },
  "chunks": {
    "chunk-AFQKPGB6": {
      "file": "chunk-AFQKPGB6.js"
    },
    "chunk-MPL37W2C": {
      "file": "chunk-MPL37W2C.js"
    },
    "chunk-6L2D24VA": {
      "file": "chunk-6L2D24VA.js"
    }
  }
}